{
    "UserAgent": "aws-amplify/cli",
    "Version": "0.1.0",
    "IdentityManager": {
        "Default": {}
    },
    "CredentialsProvider": {
        "CognitoIdentity": {
            "Default": {
                "PoolId": "us-east-1:66ab04f3-7f0a-4026-a8b1-f335ef847407",
                "Region": "us-east-1"
            }
        }
    },
    "CognitoUserPool": {
        "Default": {
            "PoolId": "us-east-1_7C4zHDz2i",
            "AppClientId": "7m9qc38urp783n4mphopnrfk",
            "Region": "us-east-1"
        }
    },
    "Auth": {
        "Default": {
            "authenticationFlowType": "USER_SRP_AUTH",
            "socialProviders": [],
            "usernameAttributes": [],
            "signupAttributes": [
                "EMAIL"
            ],
            "passwordProtectionSettings": {
                "passwordPolicyMinLength": 8,
                "passwordPolicyCharacters": []
            },
            "mfaConfiguration": "OFF",
            "mfaTypes": [
                "SMS"
            ],
            "verificationMechanisms": [
                "EMAIL"
            ]
        }
    },
    "S3TransferUtility": {
        "Default": {
            "Bucket": "uploadd30364f9470e41e7bb136d7e1588bf8b103123-dev",
            "Region": "us-east-1"
        }
    },
    "AppSync": {
        "Default": {
            "ApiUrl": "https://bgjec3la7ffxvo2dyj2wtg7whu.appsync-api.us-east-1.amazonaws.com/graphql",
            "Region": "us-east-1",
            "AuthMode": "API_KEY",
            "ApiKey": "da2-gmnrogg3uncivobvlxdte75lqi",
            "ClientDatabasePrefix": "upload_API_KEY"
        }
    }
}