{
  "providers": {
    "awscloudformation": {
      "AuthRoleName": "amplify-upload-dev-103123-authRole",
      "UnauthRoleArn": "arn:aws:iam::181269096832:role/amplify-upload-dev-103123-unauthRole",
      "AuthRoleArn": "arn:aws:iam::181269096832:role/amplify-upload-dev-103123-authRole",
      "Region": "us-east-1",
      "DeploymentBucketName": "amplify-upload-dev-103123-deployment",
      "UnauthRoleName": "amplify-upload-dev-103123-unauthRole",
      "StackName": "amplify-upload-dev-103123",
      "StackId": "arn:aws:cloudformation:us-east-1:181269096832:stack/amplify-upload-dev-103123/72f17960-be37-11ed-b257-1222aa0a5f73",
      "AmplifyAppId": "dxgwfzg1uid37"
    }
  },
  "auth": {
    "upload91cb0f0b": {
      "service": "Cognito",
      "providerPlugin": "awscloudformation",
      "dependsOn": [],
      "customAuth": false,
      "frontendAuthConfig": {
        "socialProviders": [],
        "usernameAttributes": [],
        "signupAttributes": [
          "EMAIL"
        ],
        "passwordProtectionSettings": {
          "passwordPolicyMinLength": 8,
          "passwordPolicyCharacters": []
        },
        "mfaConfiguration": "OFF",
        "mfaTypes": [
          "SMS"
        ],
        "verificationMechanisms": [
          "EMAIL"
        ]
      },
      "providerMetadata": {
        "s3TemplateURL": "https://s3.amazonaws.com/amplify-upload-dev-103123-deployment/amplify-cfn-templates/auth/upload91cb0f0b-cloudformation-template.json",
        "logicalId": "authupload91cb0f0b"
      },
      "lastPushTimeStamp": "2023-03-09T05:11:46.032Z",
      "output": {
        "UserPoolId": "us-east-1_7C4zHDz2i",
        "AppClientIDWeb": "4f43iec0v4jrsjr0ng20qd8ouj",
        "AppClientID": "7m9qc38urp783n4mphopnrfk",
        "IdentityPoolId": "us-east-1:66ab04f3-7f0a-4026-a8b1-f335ef847407",
        "UserPoolArn": "arn:aws:cognito-idp:us-east-1:181269096832:userpool/us-east-1_7C4zHDz2i",
        "IdentityPoolName": "upload91cb0f0b_identitypool_91cb0f0b__dev",
        "UserPoolName": "upload91cb0f0b_userpool_91cb0f0b"
      },
      "lastPushDirHash": "PCj9SxVsPuJV7qGWRYZ9V2sZHsQ="
    }
  },
  "storage": {
    "s38abbfd56": {
      "service": "S3",
      "providerPlugin": "awscloudformation",
      "dependsOn": [],
      "lastPushTimeStamp": "2023-03-09T05:11:46.032Z",
      "providerMetadata": {
        "s3TemplateURL": "https://s3.amazonaws.com/amplify-upload-dev-103123-deployment/amplify-cfn-templates/storage/cloudformation-template.json",
        "logicalId": "storages38abbfd56"
      },
      "output": {
        "BucketName": "uploadd30364f9470e41e7bb136d7e1588bf8b103123-dev",
        "Region": "us-east-1"
      },
      "lastPushDirHash": "6WovfPK9ujoc14rZgn32TFll6CU="
    }
  },
  "api": {
    "upload": {
      "service": "AppSync",
      "providerPlugin": "awscloudformation",
      "dependsOn": [],
      "output": {
        "authConfig": {
          "defaultAuthentication": {
            "authenticationType": "API_KEY",
            "apiKeyConfig": {
              "apiKeyExpirationDays": 7
            }
          },
          "additionalAuthenticationProviders": []
        },
        "GraphQLAPIIdOutput": "ovtycw6ctrbzde66yhtb4766aq",
        "GraphQLAPIEndpointOutput": "https://bgjec3la7ffxvo2dyj2wtg7whu.appsync-api.us-east-1.amazonaws.com/graphql",
        "GraphQLAPIKeyOutput": "da2-gmnrogg3uncivobvlxdte75lqi"
      },
      "lastPushTimeStamp": "2023-03-09T05:11:46.032Z",
      "providerMetadata": {
        "s3TemplateURL": "https://s3.amazonaws.com/amplify-upload-dev-103123-deployment/amplify-cfn-templates/api/cloudformation-template.json",
        "logicalId": "apiupload"
      },
      "lastPushDirHash": "AinA5pbHgP1K9XeQQkTd8IzenzE="
    }
  }
}