{
  "dev": {
    "awscloudformation": {
      "AuthRoleName": "amplify-upload-dev-103123-authRole",
      "UnauthRoleArn": "arn:aws:iam::181269096832:role/amplify-upload-dev-103123-unauthRole",
      "AuthRoleArn": "arn:aws:iam::181269096832:role/amplify-upload-dev-103123-authRole",
      "Region": "us-east-1",
      "DeploymentBucketName": "amplify-upload-dev-103123-deployment",
      "UnauthRoleName": "amplify-upload-dev-103123-unauthRole",
      "StackName": "amplify-upload-dev-103123",
      "StackId": "arn:aws:cloudformation:us-east-1:181269096832:stack/amplify-upload-dev-103123/72f17960-be37-11ed-b257-1222aa0a5f73",
      "AmplifyAppId": "dxgwfzg1uid37"
    },
    "categories": {
      "auth": {
        "upload91cb0f0b": {}
      },
      "storage": {
        "s38abbfd56": {}
      },
      "api": {
        "upload": {}
      }
    }
  }
}